<?xml version="1.0" encoding="UTF-8"?>
<data-sources>
	<data-source id="oracle_thin-16bbc068aa0-31cd8a328e7d082d" provider="oracle" driver="oracle_thin" name="10.1.10.205一窗测试" save-password="true" show-system-objects="true" show-util-objects="true" read-only="false">
		<connection host="10.1.10.205" port="1521" server="" database="oracle" url="jdbc:oracle:thin:@//10.1.10.205:1521/oracle" user="accept" password="EgcFJVFXJPc=" type="dev">
			<provider-property name="@dbeaver-always-use-dba-views@" value="false"/>
			<provider-property name="@dbeaver-sid-service@" value="SERVICE"/>
			<provider-property name="@dbeaver-use-rule-hint@" value="false"/>
			<provider-property name="@dbeaver-connection-type@" value="BASIC"/>
			<provider-property name="@dbeaver-check-schema-content@" value="true"/>
			<provider-property name="@dbeaver-always-show-dba@" value="false"/>
		</connection>
		<virtual-meta-data>
			<container name="model">
				<container name="ACCEPT">
					<entity name="ACCEPT_CHARGE_BILLDETAIL">
						<constraint name="PRIMARY" type="VIRTUAL KEY">
							<attribute name="IS_CANCEL"/>
						</constraint>
					</entity>
					<entity name="ACCEPT_CHARGE_ACCOUNT">
						<constraint name="PRIMARY" type="VIRTUAL KEY">
							<attribute name="ID"/>
							<attribute name="ORGCODE"/>
							<attribute name="ORGNAME"/>
							<attribute name="BANKNAME"/>
							<attribute name="BANKACCOUNT"/>
							<attribute name="BANKACCOUNTNAME"/>
							<attribute name="REGIONCODE"/>
							<attribute name="REGIONNAME"/>
						</constraint>
					</entity>
					<entity name="ACCEPT_CHARGE_ITEM">
						<constraint name="PRIMARY" type="VIRTUAL KEY">
							<attribute name="ID"/>
							<attribute name="ITEM_ID"/>
							<attribute name="ITEM_NAME"/>
							<attribute name="ORG_CODE"/>
							<attribute name="BILL_NUMBER"/>
							<attribute name="ACCOUNT"/>
							<attribute name="ORG_NAME"/>
							<attribute name="IS_SUSPEND"/>
							<attribute name="REGIONCODE"/>
							<attribute name="REGIONNAME"/>
							<attribute name="ITEM_CODE"/>
							<attribute name="VERSION"/>
						</constraint>
					</entity>
				</container>
			</container>
		</virtual-meta-data>
		<custom-property name="resultset.edit.key.use_all_columns" value="true"/>
	</data-source>
	<data-source id="oracle_thin-16bd4ce5364-5eac3c076a808ebe" provider="oracle" driver="oracle_thin" name="10.1.10.205通用审批测试" save-password="true" show-system-objects="true" show-util-objects="true" read-only="false">
		<connection host="10.1.10.205" port="1521" server="" database="oracle" url="jdbc:oracle:thin:@//10.1.10.205:1521/oracle" user="TYSP2018" password="Bx0VMBMTFU5l8w==" type="dev">
			<provider-property name="@dbeaver-always-use-dba-views@" value="false"/>
			<provider-property name="@dbeaver-sid-service@" value="SERVICE"/>
			<provider-property name="@dbeaver-use-rule-hint@" value="false"/>
			<provider-property name="@dbeaver-connection-type@" value="BASIC"/>
			<provider-property name="@dbeaver-check-schema-content@" value="true"/>
			<provider-property name="@dbeaver-always-show-dba@" value="false"/>
		</connection>
		<virtual-meta-data>
			<container name="model">
				<container name="TYSP2018">
					<entity name="APPROVE_CHARGE_ITEM">
						<constraint name="PRIMARY" type="VIRTUAL KEY">
							<attribute name="ID"/>
							<attribute name="ITEM_ID"/>
							<attribute name="ITEM_NAME"/>
							<attribute name="ORG_CODE"/>
							<attribute name="BILL_NUMBER"/>
							<attribute name="ACCOUNT"/>
							<attribute name="ORG_NAME"/>
							<attribute name="IS_SUSPEND"/>
							<attribute name="REGIONCODE"/>
							<attribute name="REGIONNAME"/>
							<attribute name="ITEM_CODE"/>
							<attribute name="VERSION"/>
						</constraint>
					</entity>
					<entity name="APPROVE_CHARGE_ITEM_TERM">
						<constraint name="PRIMARY" type="VIRTUAL KEY">
							<attribute name="ID"/>
							<attribute name="ITEM_ID"/>
							<attribute name="CHARGE_TERM_ID"/>
							<attribute name="ASSORT"/>
						</constraint>
					</entity>
				</container>
			</container>
		</virtual-meta-data>
	</data-source>
	<data-source id="oracle_thin-16c747e9163-dc8bf68e2883a1d" provider="oracle" driver="oracle_thin" name="10.129.8.203景德镇" save-password="true" show-system-objects="true" show-util-objects="true" read-only="false">
		<connection host="10.129.8.203" port="1521" server="" database="orcl" url="jdbc:oracle:thin:@//10.129.8.203:1521/orcl" user="ACCEPT" password="EgcFJVFXJPc=" type="dev">
			<provider-property name="@dbeaver-always-use-dba-views@" value="false"/>
			<provider-property name="@dbeaver-sid-service@" value="SERVICE"/>
			<provider-property name="@dbeaver-use-rule-hint@" value="false"/>
			<provider-property name="@dbeaver-connection-type@" value="BASIC"/>
			<provider-property name="@dbeaver-check-schema-content@" value="true"/>
			<provider-property name="@dbeaver-always-show-dba@" value="false"/>
		</connection>
		<virtual-meta-data>
			<container name="model">
				<container name="ACCEPT">
					<entity name="ACCEPT_DATASOURCE_INFO">
						<constraint name="PRIMARY" type="VIRTUAL KEY">
							<attribute name="CODE"/>
							<attribute name="NAME"/>
							<attribute name="DATASOURCE_TYPE"/>
							<attribute name="IP_ADDRESS"/>
							<attribute name="DATABASE_NAME"/>
							<attribute name="USER_NAME"/>
							<attribute name="USER_PASSWORD"/>
							<attribute name="DATABASE_TABLE_NAME"/>
							<attribute name="QUERY_COLUMN_NAME"/>
							<attribute name="IS_ENABLED"/>
							<attribute name="CREATOR"/>
							<attribute name="CREATOR_TIME"/>
						</constraint>
					</entity>
				</container>
			</container>
		</virtual-meta-data>
	</data-source>
	<data-source id="oracle_thin-16c888eeb53-7f62232fce88072a" provider="oracle" driver="oracle_thin" name="10.207.194.180赣州测试" save-password="true" show-system-objects="true" show-util-objects="true" read-only="false">
		<connection host="10.207.194.180" port="1521" server="" database="orcl" url="jdbc:oracle:thin:@//10.207.194.180:1521/orcl" user="ACCEPT" password="ABEWJVNCQBsMHGbf" type="dev">
			<provider-property name="@dbeaver-always-use-dba-views@" value="false"/>
			<provider-property name="@dbeaver-sid-service@" value="SERVICE"/>
			<provider-property name="@dbeaver-use-rule-hint@" value="false"/>
			<provider-property name="@dbeaver-connection-type@" value="BASIC"/>
			<provider-property name="@dbeaver-check-schema-content@" value="true"/>
			<provider-property name="@dbeaver-always-show-dba@" value="false"/>
		</connection>
		<virtual-meta-data>
			<container name="model">
				<container name="ACCEPT">
					<entity name="ACCEPT_CHARGE_BILLDETAIL">
						<constraint name="PRIMARY" type="VIRTUAL KEY">
							<attribute name="IS_CANCEL"/>
							<attribute name="PAY_TIME"/>
						</constraint>
					</entity>
				</container>
			</container>
		</virtual-meta-data>
	</data-source>
	<data-source id="oracle_thin-16c8a2ef39a-6d3bf9d997d6407e" provider="oracle" driver="oracle_thin" name="本机Oracle - 一窗-accept" save-password="true" show-system-objects="true" show-util-objects="true" read-only="false">
		<connection host="127.0.0.1" port="1521" server="" database="ORCL" url="jdbc:oracle:thin:@//127.0.0.1:1521/ORCL" user="accept" password="EgcFJVFXJPc=" type="dev">
			<provider-property name="@dbeaver-always-use-dba-views@" value="false"/>
			<provider-property name="@dbeaver-sid-service@" value="SERVICE"/>
			<provider-property name="@dbeaver-use-rule-hint@" value="false"/>
			<provider-property name="@dbeaver-connection-type@" value="BASIC"/>
			<provider-property name="@dbeaver-check-schema-content@" value="true"/>
			<provider-property name="@dbeaver-always-show-dba@" value="false"/>
		</connection>
		<virtual-meta-data>
			<container name="model">
				<container name="ACCEPT">
					<entity name="DC_COMPANY">
						<constraint name="PRIMARY" type="VIRTUAL KEY">
							<attribute name="SEQ_ID"/>
							<attribute name="ORG_NAME"/>
							<attribute name="ORG_CODE"/>
							<attribute name="ORG_CODE_AWARD_DATE"/>
							<attribute name="ORG_CODE_AWARD_ORG"/>
							<attribute name="ORG_CODE_VALID_PERIOD_START"/>
							<attribute name="ORG_CODE_VALID_PERIOD_END"/>
							<attribute name="ORG_ENGLISH_NAME"/>
							<attribute name="ORG_TYPE"/>
							<attribute name="ENTERPRISE_SORT_CODE"/>
							<attribute name="ENTERPRISE_SORT_NAME"/>
							<attribute name="ENTERPRISE_TYPE_CODE"/>
							<attribute name="ENTERPRISE_TYPE_NAME"/>
							<attribute name="LEGAL_PERSON"/>
							<attribute name="LEGAL_PERSON_TYPE"/>
							<attribute name="CERTIFICATE_NAME"/>
							<attribute name="CERTIFICATE_NO"/>
							<attribute name="RESPONSIBLE_PERSON"/>
							<attribute name="RESPONSIBLE_PERSON_ID"/>
							<attribute name="IN_AREA_CODE"/>
							<attribute name="IN_AREA"/>
							<attribute name="CHARGE_DEPARTMENT"/>
							<attribute name="REGISTER_ADDRESS"/>
							<attribute name="PRODUCE_ADDRESS"/>
							<attribute name="MAILING_ADDRESS"/>
							<attribute name="POSTAL_CODE"/>
							<attribute name="LINK_MAN"/>
							<attribute name="CONTACT_PHONE"/>
							<attribute name="FAX"/>
							<attribute name="LINK_MAN_EMAIL"/>
							<attribute name="BANK"/>
							<attribute name="BANK_ACCOUNT"/>
							<attribute name="ORGANIZATION_KIND"/>
							<attribute name="EMPLOYEE_NUM"/>
							<attribute name="REGISTER_CAPITAL"/>
							<attribute name="CURRENCY_KIND"/>
							<attribute name="GROUND_AREA"/>
							<attribute name="BUSINESS_SCOPE"/>
							<attribute name="BUSINESS_SCOPE_PART"/>
							<attribute name="MAIN_PRODUCT"/>
							<attribute name="OPERATING_MODE"/>
							<attribute name="REGISTER_DATE"/>
							<attribute name="ORG_FOUND_DATE"/>
							<attribute name="BUSINESS_LICENSE"/>
							<attribute name="AIC_AWARD_DATE"/>
							<attribute name="AIC_VALID_PERIOD_START"/>
							<attribute name="AIC_VALID_PERIOD_END"/>
							<attribute name="AIC_CERT_AWARD_ORG"/>
							<attribute name="TAX_MANAGER"/>
							<attribute name="NATION_TAX_REGISTER_NO"/>
							<attribute name="NATION_TAX_AWARD_DATE"/>
							<attribute name="LOCATION_TAX_REGISTER_NO"/>
							<attribute name="LOCATION_TAX_AWARD_DATE"/>
							<attribute name="NATION_INVEST_RATE"/>
							<attribute name="CORPORATION_INVEST_RATE"/>
							<attribute name="FOREIGN_INVEST_RATE"/>
							<attribute name="NATURAL_MAN_INVEST_RATE"/>
							<attribute name="BANK_LOAN_RATE"/>
							<attribute name="REMARK"/>
							<attribute name="ORG_ACTUALITY"/>
							<attribute name="COMPANY_LICENSE"/>
							<attribute name="HANDLER_NAME"/>
							<attribute name="HANDLER_PHONE"/>
							<attribute name="HANDLERID_TYPE"/>
							<attribute name="HANDLER_ID"/>
							<attribute name="CREATE_TIME"/>
						</constraint>
					</entity>
					<entity name="ACCEPT_COMPANY">
						<constraint name="PRIMARY" type="VIRTUAL KEY">
							<attribute name="SEQ_ID"/>
							<attribute name="ORG_NAME"/>
							<attribute name="ORG_CODE"/>
							<attribute name="ORG_CODE_AWARD_DATE"/>
							<attribute name="ORG_CODE_AWARD_ORG"/>
							<attribute name="ORG_CODE_VALID_PERIOD_START"/>
							<attribute name="ORG_CODE_VALID_PERIOD_END"/>
							<attribute name="ORG_ENGLISH_NAME"/>
							<attribute name="ORG_TYPE"/>
							<attribute name="ENTERPRISE_SORT_CODE"/>
							<attribute name="ENTERPRISE_SORT_NAME"/>
							<attribute name="ENTERPRISE_TYPE_CODE"/>
							<attribute name="ENTERPRISE_TYPE_NAME"/>
							<attribute name="LEGAL_PERSON"/>
							<attribute name="LEGAL_PERSON_TYPE"/>
							<attribute name="CERTIFICATE_NAME"/>
							<attribute name="CERTIFICATE_NO"/>
							<attribute name="RESPONSIBLE_PERSON"/>
							<attribute name="RESPONSIBLE_PERSON_ID"/>
							<attribute name="IN_AREA_CODE"/>
							<attribute name="IN_AREA"/>
							<attribute name="CHARGE_DEPARTMENT"/>
							<attribute name="REGISTER_ADDRESS"/>
							<attribute name="PRODUCE_ADDRESS"/>
							<attribute name="MAILING_ADDRESS"/>
							<attribute name="POSTAL_CODE"/>
							<attribute name="LINK_MAN"/>
							<attribute name="CONTACT_PHONE"/>
							<attribute name="FAX"/>
							<attribute name="LINK_MAN_EMAIL"/>
							<attribute name="BANK"/>
							<attribute name="BANK_ACCOUNT"/>
							<attribute name="ORGANIZATION_KIND"/>
							<attribute name="EMPLOYEE_NUM"/>
							<attribute name="REGISTER_CAPITAL"/>
							<attribute name="CURRENCY_KIND"/>
							<attribute name="GROUND_AREA"/>
							<attribute name="BUSINESS_SCOPE"/>
							<attribute name="BUSINESS_SCOPE_PART"/>
							<attribute name="MAIN_PRODUCT"/>
							<attribute name="OPERATING_MODE"/>
							<attribute name="REGISTER_DATE"/>
							<attribute name="ORG_FOUND_DATE"/>
							<attribute name="BUSINESS_LICENSE"/>
							<attribute name="AIC_AWARD_DATE"/>
							<attribute name="AIC_VALID_PERIOD_START"/>
							<attribute name="AIC_VALID_PERIOD_END"/>
							<attribute name="AIC_CERT_AWARD_ORG"/>
							<attribute name="TAX_MANAGER"/>
							<attribute name="NATION_TAX_REGISTER_NO"/>
							<attribute name="NATION_TAX_AWARD_DATE"/>
							<attribute name="LOCATION_TAX_REGISTER_NO"/>
							<attribute name="LOCATION_TAX_AWARD_DATE"/>
							<attribute name="NATION_INVEST_RATE"/>
							<attribute name="CORPORATION_INVEST_RATE"/>
							<attribute name="FOREIGN_INVEST_RATE"/>
							<attribute name="NATURAL_MAN_INVEST_RATE"/>
							<attribute name="BANK_LOAN_RATE"/>
							<attribute name="REMARK"/>
							<attribute name="ORG_ACTUALITY"/>
							<attribute name="COMPANY_LICENSE"/>
							<attribute name="HANDLER_NAME"/>
							<attribute name="HANDLER_PHONE"/>
							<attribute name="HANDLERID_TYPE"/>
							<attribute name="HANDLER_ID"/>
							<attribute name="CREATE_TIME"/>
						</constraint>
					</entity>
				</container>
			</container>
		</virtual-meta-data>
	</data-source>
	<data-source id="oracle_thin-16c8a74e05b-a30786c7173d1dd" provider="oracle" driver="oracle_thin" name="本机Oracle - 通审-approve" save-password="true" show-system-objects="true" show-util-objects="true" read-only="false">
		<connection host="127.0.0.1" port="1521" server="" database="ORCL" url="jdbc:oracle:thin:@//127.0.0.1:1521/ORCL" user="SUPERADMIN" password="ABEWJVNCQBsMHGbf" type="dev">
			<provider-property name="@dbeaver-always-use-dba-views@" value="false"/>
			<provider-property name="@dbeaver-sid-service@" value="SERVICE"/>
			<provider-property name="@dbeaver-use-rule-hint@" value="false"/>
			<provider-property name="@dbeaver-connection-type@" value="BASIC"/>
			<provider-property name="@dbeaver-check-schema-content@" value="true"/>
			<provider-property name="@dbeaver-always-show-dba@" value="false"/>
		</connection>
		<virtual-meta-data>
			<container name="model">
				<container name="TYSP2018">
					<entity name="APPROVE_CHARGE_ACCOUNT">
						<constraint name="PRIMARY" type="VIRTUAL KEY">
							<attribute name="ID"/>
							<attribute name="ORGCODE"/>
							<attribute name="ORGNAME"/>
							<attribute name="BANKNAME"/>
							<attribute name="BANKACCOUNT"/>
							<attribute name="BANKACCOUNTNAME"/>
							<attribute name="REGIONCODE"/>
							<attribute name="REGIONNAME"/>
						</constraint>
					</entity>
					<entity name="APPROVE_CHARGE_ITEM">
						<constraint name="PRIMARY" type="VIRTUAL KEY">
							<attribute name="ID"/>
							<attribute name="ITEM_ID"/>
							<attribute name="ITEM_NAME"/>
							<attribute name="ORG_CODE"/>
							<attribute name="BILL_NUMBER"/>
							<attribute name="ACCOUNT"/>
							<attribute name="ORG_NAME"/>
							<attribute name="IS_SUSPEND"/>
							<attribute name="REGIONCODE"/>
							<attribute name="REGIONNAME"/>
							<attribute name="ITEM_CODE"/>
							<attribute name="VERSION"/>
						</constraint>
					</entity>
				</container>
			</container>
		</virtual-meta-data>
	</data-source>
	<data-source id="oracle_thin-16c8dfb1b0f-7274f7644730907" provider="oracle" driver="oracle_thin" name="10.2.10.188 省一窗生产" save-password="true" show-system-objects="true" show-util-objects="true" read-only="false">
		<connection host="10.2.10.188" port="1521" server="" database="ECGAP" url="jdbc:oracle:thin:@//10.2.10.188:1521/ECGAP" user="ACCEPT" password="MiclBXF3JPc=" home="E:\app\ALLEN\product\11.2.0\dbhome_1" type="dev">
			<provider-property name="@dbeaver-always-use-dba-views@" value="false"/>
			<provider-property name="@dbeaver-sid-service@" value="SERVICE"/>
			<provider-property name="@dbeaver-use-rule-hint@" value="false"/>
			<provider-property name="@dbeaver-connection-type@" value="BASIC"/>
			<provider-property name="@dbeaver-check-schema-content@" value="true"/>
			<provider-property name="@dbeaver-always-show-dba@" value="false"/>
		</connection>
	</data-source>
	<data-source id="oracle_thin-16c93526c34-4944336610708b33" provider="oracle" driver="oracle_thin" name="10.177.10.134吉安生产" save-password="true" show-system-objects="true" show-util-objects="true" read-only="false">
		<connection host="10.177.10.134" port="1521" server="" database="JASWSSP" url="jdbc:oracle:thin:@//10.177.10.134:1521/JASWSSP" user="accept" password="EgcFJVFXJPc=" home="E:\app\ALLEN\product\11.2.0\dbhome_1" type="dev">
			<provider-property name="@dbeaver-always-use-dba-views@" value="false"/>
			<provider-property name="@dbeaver-sid-service@" value="SERVICE"/>
			<provider-property name="@dbeaver-use-rule-hint@" value="false"/>
			<provider-property name="@dbeaver-connection-type@" value="BASIC"/>
			<provider-property name="@dbeaver-check-schema-content@" value="true"/>
			<provider-property name="@dbeaver-always-show-dba@" value="false"/>
		</connection>
		<virtual-meta-data>
			<container name="model">
				<container name="ACCEPT">
					<entity name="ACCEPT_SYS_BUSIORG">
						<constraint name="PRIMARY" type="VIRTUAL KEY">
							<attribute name="APP_CODE"/>
							<attribute name="APP_NAME"/>
							<attribute name="DEPT_ID"/>
							<attribute name="DEPT_NAME"/>
							<attribute name="REGION_ID"/>
							<attribute name="REGION_NAME"/>
							<attribute name="BUSIORGCODE"/>
							<attribute name="BUSIREGION_ID"/>
							<attribute name="BUSIREGION_NAME"/>
							<attribute name="ID"/>
							<attribute name="BUSIORGNAME"/>
						</constraint>
					</entity>
				</container>
			</container>
		</virtual-meta-data>
	</data-source>
	<data-source id="oracle_thin-16cadc68a35-4ced0c7212bd4ac5" provider="oracle" driver="oracle_thin" name="10.65.165.64新余网审" save-password="true" show-system-objects="true" show-util-objects="true" read-only="false">
		<connection host="10.65.165.64" port="11522" server="" database="orcl" url="jdbc:oracle:thin:@//10.65.165.64:11522/orcl" user="superadmin" password="ABEWJVNCQBsMHGbf" home="E:\app\ALLEN\product\11.2.0\dbhome_1" type="dev">
			<provider-property name="@dbeaver-always-use-dba-views@" value="false"/>
			<provider-property name="@dbeaver-sid-service@" value="SERVICE"/>
			<provider-property name="@dbeaver-use-rule-hint@" value="false"/>
			<provider-property name="@dbeaver-connection-type@" value="BASIC"/>
			<provider-property name="@dbeaver-check-schema-content@" value="true"/>
			<provider-property name="@dbeaver-always-show-dba@" value="false"/>
		</connection>
	</data-source>
	<data-source id="oracle_thin-16cb2ffc606-6e725d042f300b61" provider="oracle" driver="oracle_thin" name="10.33.10.219抚州一窗生产" save-password="true" show-system-objects="true" read-only="false">
		<connection host="10.33.10.219" port="1521" server="" database="FZPDBS_XXB_BLSP_GBK" url="jdbc:oracle:thin:@//10.33.10.219:1521/FZPDBS_XXB_BLSP_GBK" user="accept" password="FR4fI35XEDRSPiFqLnak" home="E:\app\ALLEN\product\11.2.0\dbhome_1" type="dev">
			<property name="useFetchSizeWithLongColumn" value="true"/>
			<property name="loginTimeout" value="20"/>
			<provider-property name="@dbeaver-always-use-dba-views@" value="false"/>
			<provider-property name="@dbeaver-sid-service@" value="SERVICE"/>
			<provider-property name="@dbeaver-use-rule-hint@" value="false"/>
			<provider-property name="@dbeaver-connection-type@" value="BASIC"/>
			<provider-property name="@dbeaver-check-schema-content@" value="true"/>
			<provider-property name="@dbeaver-always-show-dba@" value="false"/>
		</connection>
	</data-source>
	<data-source id="oracle_thin-16cd7406a11-11fe3f4fb13ae17f" provider="oracle" driver="oracle_thin" name="10.65.165.64新余一窗" save-password="true" show-system-objects="true" show-util-objects="true" read-only="false">
		<connection host="10.65.165.64" port="11522" server="" database="orcl" url="jdbc:oracle:thin:@//10.65.165.64:11522/orcl" user="accept" password="EgcFJVFXJPc=" home="E:\app\ALLEN\product\11.2.0\dbhome_1" type="dev">
			<provider-property name="@dbeaver-always-use-dba-views@" value="false"/>
			<provider-property name="@dbeaver-sid-service@" value="SERVICE"/>
			<provider-property name="@dbeaver-use-rule-hint@" value="false"/>
			<provider-property name="@dbeaver-connection-type@" value="BASIC"/>
			<provider-property name="@dbeaver-check-schema-content@" value="true"/>
			<provider-property name="@dbeaver-always-show-dba@" value="false"/>
		</connection>
	</data-source>
	<data-source id="mysql5-16cdc63362c-64858d49b3010c2b" provider="mysql" driver="mysql5" name="MySQL - 10.65.165.64新余" save-password="true" show-system-objects="true" show-util-objects="true" read-only="false">
		<connection host="10.65.165.64" port="11523" server="" database="" url="jdbc:mysql://10.65.165.64:11523/" user="root" password="QhUHOhNUVw5acuc=" home="C:\Program Files\MySQL\MySQL Router 8.0" type="dev"/>
	</data-source>
	<data-source id="oracle_thin-16cdc71f58c-692d6c5226bed853" provider="oracle" driver="oracle_thin" name="10.97.10.151九江一窗" save-password="true" show-system-objects="true" show-util-objects="true" read-only="false">
		<connection host="10.97.10.151" port="1521" server="" database="orcl" url="jdbc:oracle:thin:@//10.97.10.151:1521/orcl" user="accept" password="EgcFJVFXJPc=" home="E:\app\ALLEN\product\11.2.0\dbhome_1" type="dev">
			<provider-property name="@dbeaver-always-use-dba-views@" value="false"/>
			<provider-property name="@dbeaver-sid-service@" value="SERVICE"/>
			<provider-property name="@dbeaver-use-rule-hint@" value="false"/>
			<provider-property name="@dbeaver-connection-type@" value="BASIC"/>
			<provider-property name="@dbeaver-check-schema-content@" value="true"/>
			<provider-property name="@dbeaver-always-show-dba@" value="false"/>
		</connection>
	</data-source>
	<data-source id="oracle_thin-16cfb303b27-11557beb84b05cf7" provider="oracle" driver="oracle_thin" name="10.33.10.219抚州审批生产" save-password="true" show-system-objects="true" show-util-objects="true" read-only="false">
		<connection host="10.33.10.219" port="1521" server="" database="FZPDBS_XXB_BLSP_GBK" url="jdbc:oracle:thin:@//10.33.10.219:1521/FZPDBS_XXB_BLSP_GBK" user="superadmin" password="GRwAOlVaVwY6FAtrRC5tAhN35A==" home="E:\app\ALLEN\product\11.2.0\dbhome_1" type="dev">
			<provider-property name="@dbeaver-always-use-dba-views@" value="false"/>
			<provider-property name="@dbeaver-sid-service@" value="SERVICE"/>
			<provider-property name="@dbeaver-use-rule-hint@" value="false"/>
			<provider-property name="@dbeaver-connection-type@" value="BASIC"/>
			<provider-property name="@dbeaver-check-schema-content@" value="true"/>
			<provider-property name="@dbeaver-always-show-dba@" value="false"/>
		</connection>
	</data-source>
	<data-source id="oracle_thin-16db98104db-33377724e36e9806" provider="oracle" driver="oracle_thin" name="10.18.247.213赣江新区+南昌市_一窗" save-password="true" show-system-objects="true" show-util-objects="true" read-only="false">
		<connection host="10.18.247.213" port="1521" server="" database="orcl" url="jdbc:oracle:thin:@//10.18.247.213:1521/orcl" user="accept" password="QldWEXZmVgIcU0V3d/c=" home="E:\app\ALLEN\product\11.2.0\dbhome_1" type="dev">
			<provider-property name="@dbeaver-always-use-dba-views@" value="false"/>
			<provider-property name="@dbeaver-sid-service@" value="SERVICE"/>
			<provider-property name="@dbeaver-use-rule-hint@" value="false"/>
			<provider-property name="@dbeaver-connection-type@" value="BASIC"/>
			<provider-property name="@dbeaver-check-schema-content@" value="true"/>
			<provider-property name="@dbeaver-always-show-dba@" value="false"/>
		</connection>
	</data-source>
	<data-source id="oracle_thin-16deca56e6a-183a4e04b1f7bc2" provider="oracle" driver="oracle_thin" name="10.49.10.38萍乡一窗" save-password="true" show-system-objects="true" show-util-objects="true" read-only="false">
		<connection host="10.49.10.38" port="1521" server="" database="pxswssp" url="jdbc:oracle:thin:@//10.49.10.38:1521/pxswssp" user="accept" password="AwUVM1ZMVhJl8w==" home="E:\app\ALLEN\product\11.2.0\dbhome_1" type="dev">
			<provider-property name="@dbeaver-always-use-dba-views@" value="false"/>
			<provider-property name="@dbeaver-sid-service@" value="SERVICE"/>
			<provider-property name="@dbeaver-use-rule-hint@" value="false"/>
			<provider-property name="@dbeaver-connection-type@" value="BASIC"/>
			<provider-property name="@dbeaver-check-schema-content@" value="true"/>
			<provider-property name="@dbeaver-always-show-dba@" value="false"/>
		</connection>
	</data-source>
	<data-source id="mysql5-16e106c5f36-1c4c23503c78b244" provider="mysql" driver="mysql5" name="MySQL - 省测试134基础平台" save-password="true" show-system-objects="true" show-util-objects="true" read-only="false">
		<connection host="10.1.10.134" port="3306" server="" database="dv_db_om_20170216" url="jdbc:mysql://10.1.10.134:3306/dv_db_om_20170216" user="root" password="QhUHOhNUVw5l8w==" home="E:\Program Files\mysql-5.7.27-winx64" type="dev"/>
		<virtual-meta-data>
			<container name="model">
				<container name="dv_db_om_20170216">
					<entity name="pub_app_dict">
						<constraint name="PRIMARY" type="VIRTUAL KEY">
							<attribute name="DICT_CODE"/>
							<attribute name="APP_CODE"/>
						</constraint>
					</entity>
				</container>
			</container>
		</virtual-meta-data>
	</data-source>
	<data-source id="oracle_thin-16e3966a6e0-271c3eae2345e591" provider="oracle" driver="oracle_thin" name="10.2.10.188省投资审批" save-password="true" show-system-objects="true" show-util-objects="true" read-only="false">
		<connection host="10.2.10.188" port="1521" server="" database="ECGAP" url="jdbc:oracle:thin:@//10.2.10.188:1521/ECGAP" user="TZSP" password="Jz41ECGi" home="E:\app\ALLEN\product\11.2.0\dbhome_1" type="dev">
			<property name="useFetchSizeWithLongColumn" value="true"/>
			<property name="loginTimeout" value="20"/>
			<provider-property name="@dbeaver-always-use-dba-views@" value="false"/>
			<provider-property name="@dbeaver-sid-service@" value="SERVICE"/>
			<provider-property name="@dbeaver-use-rule-hint@" value="false"/>
			<provider-property name="@dbeaver-connection-type@" value="BASIC"/>
			<provider-property name="@dbeaver-check-schema-content@" value="true"/>
			<provider-property name="@dbeaver-always-show-dba@" value="false"/>
		</connection>
	</data-source>
	<data-source id="mysql5-16e58221c90-6fefc4d9404ed48c" provider="mysql" driver="mysql5" name="MySQL - 10.1.10.27省基础平台" save-password="true" show-system-objects="true" show-util-objects="true" read-only="false">
		<connection host="10.1.10.27" port="3306" server="" database="dv_db_wf" url="jdbc:mysql://10.1.10.27:3306/dv_db_wf" user="root" password="QhUHOhNUVw5acuc=" home="E:\Program Files\mysql-5.7.27-winx64" type="dev"/>
	</data-source>
	<data-source id="oracle_thin-16ed0228489-77e63c7fc019559e" provider="oracle" driver="oracle_thin" name="10.2.10.188证照库" save-password="true" show-system-objects="true" show-util-objects="true" read-only="false">
		<connection host="10.2.10.188" port="1521" server="" database="ZWTDATABASE" url="jdbc:oracle:thin:@//10.2.10.188:1521/ZWTDATABASE" user="ZWTDATABASE" password="KTMyQKA=" home="E:\app\ALLEN\product\11.2.0\dbhome_1" type="dev">
			<provider-property name="@dbeaver-always-use-dba-views@" value="false"/>
			<provider-property name="@dbeaver-sid-service@" value="SERVICE"/>
			<provider-property name="@dbeaver-use-rule-hint@" value="false"/>
			<provider-property name="@dbeaver-connection-type@" value="BASIC"/>
			<provider-property name="@dbeaver-check-schema-content@" value="true"/>
			<provider-property name="@dbeaver-always-show-dba@" value="false"/>
		</connection>
	</data-source>
	<data-source id="oracle_thin-16eea4cafd3-3a4db6f16cfd98bb" provider="oracle" driver="oracle_thin" name="10.18.247.213南昌事项库" save-password="true" show-system-objects="true" show-util-objects="true" read-only="false">
		<connection host="10.18.247.213" port="1521" server="" database="orcl" url="jdbc:oracle:thin:@//10.18.247.213:1521/orcl" user="powerdzzw" password="QhUHOhNUVw5l8w==" home="E:\app\ALLEN\product\11.2.0\dbhome_1" type="dev">
			<provider-property name="@dbeaver-always-use-dba-views@" value="false"/>
			<provider-property name="@dbeaver-sid-service@" value="SERVICE"/>
			<provider-property name="@dbeaver-use-rule-hint@" value="false"/>
			<provider-property name="@dbeaver-connection-type@" value="BASIC"/>
			<provider-property name="@dbeaver-check-schema-content@" value="true"/>
			<provider-property name="@dbeaver-always-show-dba@" value="false"/>
		</connection>
	</data-source>
	<data-source id="oracle_thin-16ef7f13cc7-4c78d2293b800d01" provider="oracle" driver="oracle_thin" name="10.193.8.70赣州生产" save-password="true" show-system-objects="true" show-util-objects="true" read-only="false">
		<connection host="10.193.8.70" port="1521" server="" database="orcl" url="jdbc:oracle:thin:@//10.193.8.70:1521/orcl" user="sys" password="FB4VN1JQVHbk" home="E:\app\ALLEN\product\11.2.0\dbhome_1" type="dev">
			<provider-property name="@dbeaver-always-use-dba-views@" value="false"/>
			<provider-property name="@dbeaver-sid-service@" value="SERVICE"/>
			<provider-property name="@dbeaver-use-rule-hint@" value="false"/>
			<provider-property name="@dbeaver-connection-type@" value="BASIC"/>
			<provider-property name="@dbeaver-check-schema-content@" value="true"/>
			<provider-property name="@dbeaver-internal-logon@" value="sysdba"/>
			<provider-property name="@dbeaver-always-show-dba@" value="false"/>
		</connection>
		<custom-property name="resultset.maxrows" value="500"/>
	</data-source>
	<data-source id="oracle_thin-16efd08eb50-2efe28b69b30a4db" provider="oracle" driver="oracle_thin" name="10.31.123.4南昌高新" save-password="true" show-system-objects="true" show-util-objects="true" read-only="false">
		<connection host="10.31.123.4" port="1521" server="" database="orcl" url="jdbc:oracle:thin:@//10.31.123.4:1521/orcl" user="accept" password="EgcFJVFXJPc=" home="E:\app\ALLEN\product\11.2.0\dbhome_1" type="dev">
			<provider-property name="@dbeaver-always-use-dba-views@" value="false"/>
			<provider-property name="@dbeaver-sid-service@" value="SERVICE"/>
			<provider-property name="@dbeaver-use-rule-hint@" value="false"/>
			<provider-property name="@dbeaver-connection-type@" value="BASIC"/>
			<provider-property name="@dbeaver-check-schema-content@" value="true"/>
			<provider-property name="@dbeaver-always-show-dba@" value="false"/>
		</connection>
	</data-source>
	<data-source id="oracle_thin-16f41099c71-2f37ac7a65441795" provider="oracle" driver="oracle_thin" name="10.26.80.109南昌新建" save-password="true" show-system-objects="true" show-util-objects="true" read-only="false">
		<connection host="10.26.80.109" port="1521" server="" database="orcl" url="jdbc:oracle:thin:@//10.26.80.109:1521/orcl" user="accept" password="EgcFJVFXJPc=" home="E:\app\ALLEN\product\11.2.0\dbhome_1" type="dev">
			<provider-property name="@dbeaver-always-use-dba-views@" value="false"/>
			<provider-property name="@dbeaver-sid-service@" value="SERVICE"/>
			<provider-property name="@dbeaver-use-rule-hint@" value="false"/>
			<provider-property name="@dbeaver-connection-type@" value="BASIC"/>
			<provider-property name="@dbeaver-check-schema-content@" value="true"/>
			<provider-property name="@dbeaver-always-show-dba@" value="false"/>
		</connection>
	</data-source>
	<data-source id="oracle_thin-16fb165c04a-4d0aa11ca134fe3c" provider="oracle" driver="oracle_thin" name="10.161.145.81上饶" save-password="true" show-system-objects="true" show-util-objects="true" read-only="false">
		<connection host="10.161.145.81" port="1521" server="" database="apporcl" url="jdbc:oracle:thin:@//10.161.145.81:1521/apporcl" user="accept" password="EgcFJVFXJPc=" type="dev">
			<provider-property name="@dbeaver-always-use-dba-views@" value="false"/>
			<provider-property name="@dbeaver-sid-service@" value="SERVICE"/>
			<provider-property name="@dbeaver-use-rule-hint@" value="false"/>
			<provider-property name="@dbeaver-connection-type@" value="BASIC"/>
			<provider-property name="@dbeaver-check-schema-content@" value="true"/>
			<provider-property name="@dbeaver-always-show-dba@" value="false"/>
		</connection>
		<virtual-meta-data>
			<container name="model">
				<container name="SUPERADMIN">
					<entity name="APPROVE_ITEM_WORKFLOW_FORM">
						<constraint name="PRIMARY" type="VIRTUAL KEY">
							<attribute name="ID"/>
							<attribute name="ITEM_ID"/>
							<attribute name="WORKFLOW_ID"/>
							<attribute name="MODEL_ID"/>
							<attribute name="FORM_ID"/>
							<attribute name="FORM_NAME"/>
							<attribute name="FIRSTPOST"/>
							<attribute name="FIRSTROLE"/>
							<attribute name="FIRSTUSER"/>
							<attribute name="FORM_FIELD_SETTING"/>
							<attribute name="FIRSTORGAN"/>
							<attribute name="WORKFLOW_NAME"/>
						</constraint>
					</entity>
				</container>
			</container>
		</virtual-meta-data>
	</data-source>
	<data-source id="mysql5-16fc0f2e9b2-7b7d6833a90f8730" provider="mysql" driver="mysql5" name="本机test" save-password="true" show-system-objects="true" show-util-objects="true" read-only="false">
		<connection host="localhost" port="3306" server="" database="mysql" url="jdbc:mysql://localhost:3306/mysql" user="root" password="QlZVdBQVJPc=" home="E:\Program Files\mysql-5.7.27-winx64" type="dev"/>
	</data-source>
	<data-source id="oracle_thin-17133e5ee73-71e783713725e7a7" provider="oracle" driver="oracle_thin" name="10.2.10.188 省办件库" save-password="true" show-system-objects="true" show-util-objects="true" read-only="false">
		<connection host="10.2.10.188" port="1521" server="" database="ZWTDATABASE" url="jdbc:oracle:thin:@//10.2.10.188:1521/ZWTDATABASE" user="ZWTDATABASE" password="KTMyQKA=" home="E:\app\ALLEN\product\11.2.0\dbhome_1" type="dev">
			<provider-property name="@dbeaver-always-use-dba-views@" value="false"/>
			<provider-property name="@dbeaver-sid-service@" value="SERVICE"/>
			<provider-property name="@dbeaver-use-rule-hint@" value="false"/>
			<provider-property name="@dbeaver-connection-type@" value="BASIC"/>
			<provider-property name="@dbeaver-check-schema-content@" value="true"/>
			<provider-property name="@dbeaver-always-show-dba@" value="false"/>
		</connection>
	</data-source>
	<data-source id="oracle_thin-17134d8d8fd-23a5f4e78235ba0f" provider="oracle" driver="oracle_thin" name="10.30.123.4南昌经开区" save-password="true" show-system-objects="true" show-util-objects="true" read-only="false">
		<connection host="10.30.123.4" port="1521" server="" database="orcl" url="jdbc:oracle:thin:@//10.30.123.4:1521/orcl" user="accept" password="EgcFJVFXJPc=" home="E:\ProgramFiles\oracle\product\11.2.0\dbhome_1" type="dev">
			<provider-property name="@dbeaver-always-use-dba-views@" value="false"/>
			<provider-property name="@dbeaver-sid-service@" value="SERVICE"/>
			<provider-property name="@dbeaver-use-rule-hint@" value="false"/>
			<provider-property name="@dbeaver-connection-type@" value="BASIC"/>
			<provider-property name="@dbeaver-check-schema-content@" value="true"/>
			<provider-property name="@dbeaver-always-show-dba@" value="false"/>
		</connection>
	</data-source>
	<data-source id="oracle_thin-1717d48776f-cc6d916b14b1024" provider="oracle" driver="oracle_thin" name="10.2.10.188省生产审批" save-password="true" show-system-objects="true" read-only="false">
		<connection host="10.2.10.188" port="1521" server="" database="ECGAP" url="jdbc:oracle:thin:@//10.2.10.188:1521/ECGAP" user="SUPERADMIN" password="IDE2BXNiYDssPGbf" home="E:\ProgramFiles\oracle\product\11.2.0\dbhome_1" type="dev">
			<property name="useFetchSizeWithLongColumn" value="true"/>
			<property name="loginTimeout" value="20"/>
			<provider-property name="@dbeaver-always-use-dba-views@" value="false"/>
			<provider-property name="@dbeaver-sid-service@" value="SERVICE"/>
			<provider-property name="@dbeaver-use-rule-hint@" value="false"/>
			<provider-property name="@dbeaver-connection-type@" value="BASIC"/>
			<provider-property name="@dbeaver-check-schema-content@" value="true"/>
			<provider-property name="@dbeaver-always-show-dba@" value="false"/>
		</connection>
	</data-source>
	<data-source id="mysql5-171ca3773a1-4c83f7f13d73d7c3" provider="mysql" driver="mysql5" name="MySQL - 10.193.8.71赣州测试基础平台" save-password="true" show-system-objects="true" show-util-objects="true" read-only="false">
		<connection host="10.193.8.71" port="3306" server="" database="" url="jdbc:mysql://10.193.8.71:3306/" user="root" password="QhUHOhNUVw5acuc=" home="E:\Program Files\mysql-5.7.27-winx64" type="dev"/>
	</data-source>
	<data-source id="oracle_thin-171ee926b18-1ca8c746c2a510bb" provider="oracle" driver="oracle_thin" name="10.177.10.134吉安生产(有效)" save-password="true" show-system-objects="true" show-util-objects="true" read-only="false">
		<connection host="10.177.10.133" port="1521" server="" database="JASWSSP" url="jdbc:oracle:thin:@//10.177.10.133:1521/JASWSSP" user="accept" password="EgcFJVFXJPc=" type="dev">
			<provider-property name="@dbeaver-always-use-dba-views@" value="false"/>
			<provider-property name="@dbeaver-sid-service@" value="SERVICE"/>
			<provider-property name="@dbeaver-use-rule-hint@" value="false"/>
			<provider-property name="@dbeaver-connection-type@" value="BASIC"/>
			<provider-property name="@dbeaver-check-schema-content@" value="true"/>
			<provider-property name="@dbeaver-always-show-dba@" value="false"/>
		</connection>
		<virtual-meta-data>
			<container name="model">
				<container name="ACCEPT">
					<entity name="ACCEPT_SYS_BUSIORG">
						<constraint name="PRIMARY" type="VIRTUAL KEY">
							<attribute name="APP_CODE"/>
							<attribute name="APP_NAME"/>
							<attribute name="DEPT_ID"/>
							<attribute name="DEPT_NAME"/>
							<attribute name="REGION_ID"/>
							<attribute name="REGION_NAME"/>
							<attribute name="BUSIORGCODE"/>
							<attribute name="BUSIREGION_ID"/>
							<attribute name="BUSIREGION_NAME"/>
							<attribute name="ID"/>
							<attribute name="BUSIORGNAME"/>
						</constraint>
					</entity>
				</container>
			</container>
		</virtual-meta-data>
	</data-source>
	<data-source id="oracle_thin-17230c11767-58556c90b41e08e0" provider="oracle" driver="oracle_thin" name="10.22.1.182南昌西湖区" save-password="true" show-system-objects="true" show-util-objects="true" read-only="false">
		<connection host="10.22.1.182" port="1521" server="" database="orcl" url="jdbc:oracle:thin:@//10.22.1.182:1521/orcl" user="accept" password="EgcFJVFXJPc=" home="E:\ProgramFiles\oracle\product\11.2.0\dbhome_1" type="dev">
			<provider-property name="@dbeaver-always-use-dba-views@" value="false"/>
			<provider-property name="@dbeaver-sid-service@" value="SERVICE"/>
			<provider-property name="@dbeaver-use-rule-hint@" value="false"/>
			<provider-property name="@dbeaver-connection-type@" value="BASIC"/>
			<provider-property name="@dbeaver-check-schema-content@" value="true"/>
			<provider-property name="@dbeaver-always-show-dba@" value="false"/>
		</connection>
	</data-source>
	<data-source id="oracle_thin-17253d1d778-3b2d228647aba2d1" provider="oracle" driver="oracle_thin" name="10.2.10.188省政务通正式" save-password="true" show-system-objects="true" read-only="false">
		<connection host="10.2.10.188" port="1521" server="" database="ZWTDATABASE" url="jdbc:oracle:thin:@//10.2.10.188:1521/ZWTDATABASE" user="ZWTDATABASE" password="KTMyQKA=" home="E:\ProgramFiles\oracle\product\11.2.0\dbhome_1" type="dev">
			<property name="useFetchSizeWithLongColumn" value="true"/>
			<property name="loginTimeout" value="20"/>
			<provider-property name="@dbeaver-always-use-dba-views@" value="false"/>
			<provider-property name="@dbeaver-sid-service@" value="SERVICE"/>
			<provider-property name="@dbeaver-use-rule-hint@" value="false"/>
			<provider-property name="@dbeaver-connection-type@" value="BASIC"/>
			<provider-property name="@dbeaver-check-schema-content@" value="true"/>
			<provider-property name="@dbeaver-always-show-dba@" value="false"/>
		</connection>
		<virtual-meta-data>
			<container name="model">
				<container name="ZWTDATABASE">
					<entity name="APPLY_ITEM_UNIVERSALLY">
						<constraint name="PRIMARY" type="VIRTUAL KEY">
							<attribute name="IS_IMMEDIATE"/>
							<attribute name="NAME"/>
						</constraint>
					</entity>
					<entity name="SCHLE_APPLY_BUSINESS">
						<constraint name="PRIMARY" type="VIRTUAL KEY">
							<attribute name="BSNUM"/>
							<attribute name="RECEIVE_NUMBER"/>
							<attribute name="ITEM_CODE"/>
							<attribute name="ITEM_NORMAL_CODE"/>
							<attribute name="ITEM_NAME"/>
							<attribute name="FORM_ID"/>
							<attribute name="DATA_ID"/>
							<attribute name="TYPE"/>
							<attribute name="REGION_CODE"/>
							<attribute name="REGION_NAME"/>
							<attribute name="ORG_CODE"/>
							<attribute name="ORG_NAME"/>
							<attribute name="APPLICANT"/>
							<attribute name="RECEIVE_TIME"/>
							<attribute name="SUBMIT_TIME"/>
							<attribute name="FINISH_TIME"/>
							<attribute name="TIME_LIMIT"/>
							<attribute name="PICKUP_TIME"/>
							<attribute name="SIGN_TIME"/>
							<attribute name="APPLY_SUBJECT"/>
							<attribute name="APPLY_FROM"/>
							<attribute name="WARNING_TIME"/>
							<attribute name="BUSINESS_OBJECT_TYPE"/>
							<attribute name="BUSINESS_SERVICE_JSON"/>
							<attribute name="BUSINESS_OBJECT_JSON"/>
							<attribute name="BUSINESS_COURSE_JSON"/>
							<attribute name="AGENT_BUSINESS_OBJECT_JSON"/>
							<attribute name="STATE"/>
							<attribute name="ASSORT"/>
							<attribute name="ISHASENTITYFILE"/>
							<attribute name="PARALLEL_INDEX"/>
							<attribute name="INTERFACE_ID"/>
							<attribute name="CASE_ID"/>
							<attribute name="PAYSTATUS"/>
							<attribute name="ITEM_ID"/>
							<attribute name="BUSINESS_ID"/>
							<attribute name="FORM_DATA_JSON"/>
							<attribute name="ITEM_VERSION"/>
							<attribute name="TASK_ITEMCODE"/>
							<attribute name="BUSINESS_FILE_JSON"/>
						</constraint>
					</entity>
				</container>
			</container>
		</virtual-meta-data>
	</data-source>
	<data-source id="oracle_thin-17253db1621-2ac00419297dc72" provider="oracle" driver="oracle_thin" name="10.2.10.188省政务通测试-一窗正式" save-password="true" show-system-objects="true" read-only="false">
		<connection host="10.2.10.188" port="1521" server="" database="ECGAP" url="jdbc:oracle:thin:@//10.2.10.188:1521/ECGAP" user="ACCEPT" password="MiclBXF3JPc=" home="E:\ProgramFiles\oracle\product\11.2.0\dbhome_1" type="dev">
			<property name="useFetchSizeWithLongColumn" value="true"/>
			<property name="loginTimeout" value="20"/>
			<provider-property name="@dbeaver-always-use-dba-views@" value="false"/>
			<provider-property name="@dbeaver-sid-service@" value="SERVICE"/>
			<provider-property name="@dbeaver-use-rule-hint@" value="false"/>
			<provider-property name="@dbeaver-connection-type@" value="BASIC"/>
			<provider-property name="@dbeaver-check-schema-content@" value="true"/>
			<provider-property name="@dbeaver-always-show-dba@" value="false"/>
		</connection>
	</data-source>
	<data-source id="oracle_thin-17254d991be-3a9eb2cb21563ea" provider="oracle" driver="oracle_thin" name="10.2.76.245事项前置库" save-password="true" show-system-objects="true" show-util-objects="true" read-only="false">
		<connection host="10.2.76.245" port="1521" server="" database="sxsl" url="jdbc:oracle:thin:@//10.2.76.245:1521/sxsl" user="sxsl" password="AwUVM1ZMVhJl8w==" home="E:\ProgramFiles\oracle\product\11.2.0\dbhome_1" type="dev">
			<provider-property name="@dbeaver-always-use-dba-views@" value="false"/>
			<provider-property name="@dbeaver-sid-service@" value="SERVICE"/>
			<provider-property name="@dbeaver-use-rule-hint@" value="false"/>
			<provider-property name="@dbeaver-connection-type@" value="BASIC"/>
			<provider-property name="@dbeaver-check-schema-content@" value="true"/>
			<provider-property name="@dbeaver-always-show-dba@" value="false"/>
		</connection>
	</data-source>
	<data-source id="oracle_thin-17254f15269-10cc8120c2f5c2ed" provider="oracle" driver="oracle_thin" name="10.2.76.251对接思创前置库" save-password="true" show-system-objects="true" show-util-objects="true" read-only="false">
		<connection host="10.2.76.251" port="1521" server="" database="jhpt118" url="jdbc:oracle:thin:@//10.2.76.251:1521/jhpt118" user="jtbdb" password="AwUVM1ZMVhJl8w==" home="E:\ProgramFiles\oracle\product\11.2.0\dbhome_1" type="dev">
			<provider-property name="@dbeaver-always-use-dba-views@" value="false"/>
			<provider-property name="@dbeaver-sid-service@" value="SERVICE"/>
			<provider-property name="@dbeaver-use-rule-hint@" value="false"/>
			<provider-property name="@dbeaver-connection-type@" value="BASIC"/>
			<provider-property name="@dbeaver-check-schema-content@" value="true"/>
			<provider-property name="@dbeaver-always-show-dba@" value="false"/>
		</connection>
	</data-source>
	<data-source id="mysql5-1727853a684-6effb7247e4b8825" provider="mysql" driver="mysql5" name="MySQL - 10.22.1.183南昌西湖区基础库" save-password="true" show-system-objects="true" show-util-objects="true" read-only="false">
		<connection host="10.22.1.183" port="3306" server="" database="dv_db_fm" url="jdbc:mysql://10.22.1.183:3306/dv_db_fm" user="root" password="QhUHOhNUVw5acuc=" home="E:\Program Files\mysql-5.7.27-winx64" type="dev"/>
	</data-source>
	<data-source id="mysql5-1727e771d5c-2e9d027ef8105558" provider="mysql" driver="mysql5" name="MySQL - 10.18.247.220南昌市基础平台" save-password="true" show-system-objects="true" show-util-objects="true" read-only="false">
		<connection host="10.18.247.220" port="3306" server="" database="dv_db_wf" url="jdbc:mysql://10.18.247.220:3306/dv_db_wf" user="root" password="PRMFMGFHSRNUQlRsR3ak" home="E:\Program Files\mysql-5.7.27-winx64" type="dev"/>
	</data-source>
	<data-source id="oracle_thin-17283b4a623-30dca64e76dc6b8b" provider="oracle" driver="oracle_thin" name="10.129.8.203景德镇事项库" save-password="true" show-system-objects="true" show-util-objects="true" read-only="false">
		<connection host="10.129.8.203" port="1521" server="" database="orcl" url="jdbc:oracle:thin:@//10.129.8.203:1521/orcl" user="powerdzzw" password="AwsRJVNHXgwScuc=" type="dev">
			<provider-property name="@dbeaver-always-use-dba-views@" value="false"/>
			<provider-property name="@dbeaver-sid-service@" value="SERVICE"/>
			<provider-property name="@dbeaver-use-rule-hint@" value="false"/>
			<provider-property name="@dbeaver-connection-type@" value="BASIC"/>
			<provider-property name="@dbeaver-check-schema-content@" value="true"/>
			<provider-property name="@dbeaver-always-show-dba@" value="false"/>
		</connection>
	</data-source>
	<data-source id="mysql5-173380f2e79-56c01f8bd3804311" provider="mysql" driver="mysql5" name="MySQL - 10.33.10.129抚州基础平台" save-password="true" show-system-objects="true" show-util-objects="true" read-only="false">
		<connection host="10.33.10.129" port="3306" server="" database="dv_db_fm" url="jdbc:mysql://10.33.10.129:3306/dv_db_fm" user="root" password="FR5UcBAWUwUWAmbf" home="E:\Program Files\mysql-5.7.27-winx64" type="dev"/>
	</data-source>
	<data-source id="mysql5-1736f17ac8d-28d21cef203f112f" provider="mysql" driver="mysql5" name="MySQL - 10.26.80.113南昌新建基础平台" save-password="true" show-system-objects="true" show-util-objects="true" read-only="false">
		<connection host="10.26.80.113" port="3306" server="" database="" url="jdbc:mysql://10.26.80.113:3306/" user="root" password="QhUHOhNUVw5acuc=" home="E:\Program Files\mysql-5.7.27-winx64" type="dev"/>
	</data-source>
	<data-source id="oracle_thin-1740afb7fa7-a23ff7584cd1d07" provider="oracle" driver="oracle_thin" name="10.24.151.28南昌青山湖" save-password="true" show-system-objects="true" show-util-objects="true" read-only="false">
		<connection host="10.24.151.28" port="1521" server="" database="orcl" url="jdbc:oracle:thin:@//10.24.151.28:1521/orcl" user="accept" password="EgcFJVFXJPc=" type="dev">
			<provider-property name="@dbeaver-always-use-dba-views@" value="false"/>
			<provider-property name="@dbeaver-sid-service@" value="SERVICE"/>
			<provider-property name="@dbeaver-use-rule-hint@" value="false"/>
			<provider-property name="@dbeaver-connection-type@" value="BASIC"/>
			<provider-property name="@dbeaver-check-schema-content@" value="true"/>
			<provider-property name="@dbeaver-always-show-dba@" value="false"/>
		</connection>
	</data-source>
	<data-source id="mysql5-17490e58297-79d267d6d032ddf1" provider="mysql" driver="mysql5" name="MySQL - 10.129.8.205景德镇" save-password="true" show-system-objects="true" show-util-objects="true" read-only="false">
		<connection host="10.129.8.205" port="3306" server="" database="dv_db_wf" url="jdbc:mysql://10.129.8.205:3306/dv_db_wf" user="root" password="QhUHOhNUVw5l8w==" home="D:\work\mysql-5.7.27-winx64" type="dev"/>
	</data-source>
	<data-source id="mysql5-174c4323619-21aa71f01e72ed65" provider="mysql" driver="mysql5" name="MySQL - 10.161.145.201上饶基础平台" save-password="true" show-system-objects="true" show-util-objects="true" read-only="false">
		<connection host="10.161.145.201" port="3306" server="" database="" url="jdbc:mysql://10.161.145.201:3306/" user="root" password="QhUHOhNUVw5l8w==" home="D:\work\mysql-5.7.27-winx64" type="dev"/>
	</data-source>
	<data-source id="mysql5-174d7f675e0-50f47a61e8156132" provider="mysql" driver="mysql5" name="MySQL - 10.97.10.152九江基础平台" save-password="true" show-system-objects="true" show-util-objects="true" read-only="false">
		<connection host="10.97.10.152" port="3306" server="" database="" url="jdbc:mysql://10.97.10.152:3306/" user="root" password="HQERMEBQVwEKAAJe9g==" home="D:\work\mysql-5.7.27-winx64" type="dev"/>
		<virtual-meta-data>
			<container name="model">
				<container name="dv_db_om">
					<entity name="pub_app_dict">
						<constraint name="PRIMARY" type="VIRTUAL KEY">
							<attribute name="DICT_CODE"/>
							<attribute name="APP_CODE"/>
						</constraint>
					</entity>
				</container>
			</container>
		</virtual-meta-data>
	</data-source>
	<data-source id="oracle_thin-175211e3675-70e7ef743dbeeed4" provider="oracle" driver="oracle_thin" name="10.1.10.205政务通测试" save-password="true" show-system-objects="true" show-util-objects="true" read-only="false">
		<connection host="10.1.10.205" port="1521" server="" database="oracle" url="jdbc:oracle:thin:@//10.1.10.205:1521/oracle" user="ZWT2020" password="KTMychERFHbk" type="dev">
			<property name="useFetchSizeWithLongColumn" value="true"/>
			<property name="loginTimeout" value="20"/>
			<provider-property name="@dbeaver-always-use-dba-views@" value="false"/>
			<provider-property name="@dbeaver-sid-service@" value="SERVICE"/>
			<provider-property name="@dbeaver-use-rule-hint@" value="false"/>
			<provider-property name="@dbeaver-connection-type@" value="BASIC"/>
			<provider-property name="@dbeaver-check-schema-content@" value="true"/>
			<provider-property name="@dbeaver-always-show-dba@" value="false"/>
		</connection>
	</data-source>
	<data-source id="mysql5-17a1387a1fa-3c545ae65a131d07" provider="mysql" driver="mysql5" name="MySQL - 172.28.1.152深铁app阿波罗" save-password="true" show-system-objects="true" show-util-objects="true" read-only="false">
		<connection host="172.28.1.152" port="3280" server="" database="" url="jdbc:mysql://172.28.1.152:3280/" user="dbcfgopr" password="SjQTY1d5UU8mJEdoGTAltw==" home="D:\work\mysql-5.7.27-winx64" type="dev">
			<property name="connectTimeout" value="20000"/>
			<network-handler type="TUNNEL" id="ssh_tunnel" enabled="true" save-password="true" user="root" password="IB1JNhd8XQQxCl8cVEJLUUb2">
				<property name="sshConnectTimeout" value="10000"/>
				<property name="port" value="22"/>
				<property name="implementation" value="jsch"/>
				<property name="host" value="124.71.212.125"/>
				<property name="authType" value="PASSWORD"/>
			</network-handler>
			<network-handler type="CONFIG" id="mysql_ssl" enabled="false" save-password="true">
				<property name="ssl.public.key.retrieve" value="false"/>
				<property name="ssl.verify.server" value="true"/>
				<property name="ssl.require" value="false"/>
			</network-handler>
			<network-handler type="PROXY" id="socks_proxy" enabled="false" save-password="true">
				<property name="socks-port" value="1080"/>
			</network-handler>
		</connection>
	</data-source>
	<data-source id="mysql5-17a17f71dab-14e077ba0858392e" provider="mysql" driver="mysql5" name="MySQL - 172.28.1.152深铁app阿波罗 1" save-password="true" show-system-objects="true" show-util-objects="true" read-only="false">
		<connection host="172.28.1.152" port="3280" server="" database="" url="jdbc:mysql://172.28.1.152:3280/" user="dbbaseopr" password="KwNVYxlJBSQxLARtOhgltw==" home="D:\work\mysql-5.7.27-winx64" type="dev">
			<property name="connectTimeout" value="20000"/>
			<network-handler type="TUNNEL" id="ssh_tunnel" enabled="true" save-password="true" user="root" password="IB1JNhd8XQQxCl8cVEJLUUb2">
				<property name="sshConnectTimeout" value="10000"/>
				<property name="port" value="22"/>
				<property name="implementation" value="jsch"/>
				<property name="host" value="124.71.212.125"/>
				<property name="authType" value="PASSWORD"/>
			</network-handler>
			<network-handler type="CONFIG" id="mysql_ssl" enabled="false" save-password="true">
				<property name="ssl.public.key.retrieve" value="false"/>
				<property name="ssl.verify.server" value="true"/>
				<property name="ssl.require" value="false"/>
			</network-handler>
			<network-handler type="PROXY" id="socks_proxy" enabled="false" save-password="true">
				<property name="socks-port" value="1080"/>
			</network-handler>
		</connection>
	</data-source>
	<data-source id="mysql5-17a228337a9-219c274c9bdf657c" provider="mysql" driver="mysql5" name="MySQL - 172.28.1.152深铁app 基础数据读写" save-password="true" show-system-objects="true" show-util-objects="true" read-only="false">
		<connection host="172.28.1.152" port="3280" server="" database="" url="jdbc:mysql://172.28.1.152:3280/" user="dbbaseopr" password="KwNVYxlJBSQxLARtOhgltw==" home="D:\work\mysql-5.7.27-winx64" type="dev">
			<property name="connectTimeout" value="20000"/>
			<network-handler type="TUNNEL" id="ssh_tunnel" enabled="true" save-password="true" user="root" password="IB1JNhd8XQQxCl8cVEJLUUb2">
				<property name="host" value="124.71.212.125"/>
				<property name="sshConnectTimeout" value="10000"/>
				<property name="authType" value="PASSWORD"/>
				<property name="port" value="22"/>
				<property name="implementation" value="jsch"/>
			</network-handler>
			<network-handler type="CONFIG" id="mysql_ssl" enabled="false" save-password="true">
				<property name="ssl.public.key.retrieve" value="false"/>
				<property name="ssl.verify.server" value="true"/>
				<property name="ssl.require" value="false"/>
			</network-handler>
			<network-handler type="PROXY" id="socks_proxy" enabled="false" save-password="true">
				<property name="socks-port" value="1080"/>
			</network-handler>
		</connection>
	</data-source>
	<filters/>
</data-sources>